{
  "stages": [
    "After EN",
    "After EN+FR",
    "After EN+FR+IT"
  ],
  "english_test": {
    "precision": [
      0.6397608370702541,
      0.5705128205128205,
      0.4107744107744108
    ],
    "recall": [
      0.6903225806451613,
      0.5741935483870968,
      0.3935483870967742
    ],
    "f1": [
      0.6640806826997673,
      0.572347266881029,
      0.4019769357495881
    ]
  },
  "french_test": {
    "precision": [
      0.45786892554614356,
      0.6101390758187528,
      0.30777096114519426
    ],
    "recall": [
      0.5627397260273973,
      0.7452054794520548,
      0.32986301369863014
    ],
    "f1": [
      0.5049164208456244,
      0.6709422792303898,
      0.3184342766463898
    ]
  },
  "italian_test": {
    "precision": [
      0.31865284974093266,
      0.25406618059450364,
      0.7295597484276729
    ],
    "recall": [
      0.3870358716173694,
      0.2850849590937697,
      0.8030207677784771
    ],
    "f1": [
      0.3495311167945439,
      0.26868327402135234,
      0.7645296584781305
    ]
  }
}